<?xml version='1.0'?>
<module>
<exporttime>2017-06-09 11:31:33</exporttime>
<name>Webforms</name>
<label>Webforms</label>
<parent></parent>
<type>extension</type>
<version>1.6</version>
<dependencies>
<vtiger_version>6.0.0rc</vtiger_version>
<vtiger_max_version>7.*</vtiger_max_version>
</dependencies>
	<migrations>
		<migration version='1.4'>
			<tables>
				<table>
					<name>vtiger_webforms_field</name>
					<sql><![CDATA[ALTER TABLE vtiger_webforms_field MODIFY neutralizedfield varchar(255)]]></sql>
				</table>
			</tables>
		</migration>
		<migration version='1.6'>
			<tables>
				<table>
					<name>vtiger_webforms</name>
					<sql><![CDATA[ALTER TABLE vtiger_webforms ADD COLUMN(captcha int(1) NOT NULL DEFAULT 0)]]></sql>
				</table>
				<table>
					<name>vtiger_webforms</name>
					<sql><![CDATA[ALTER TABLE vtiger_webforms ADD COLUMN(roundrobin int(1) NOT NULL DEFAULT 0)]]></sql>
				</table>
				<table>
					<name>vtiger_webforms</name>
					<sql><![CDATA[ALTER TABLE vtiger_webforms ADD COLUMN(roundrobin_userid varchar(256) DEFAULT NULL)]]></sql>
				</table>
				<table>
					<name>vtiger_webforms</name>
					<sql><![CDATA[ALTER TABLE vtiger_webforms ADD COLUMN(roundrobin_logic int(11) NOT NULL DEFAULT 0)]]></sql>
				</table>
				<table>
					<name>vtiger_webforms_field</name>
					<sql><![CDATA[ALTER TABLE vtiger_webforms_field ADD COLUMN(sequence int(10) DEFAULT NULL)]]></sql>
				</table>
				<table>
					<name>vtiger_webforms_field</name>
					<sql><![CDATA[ALTER TABLE vtiger_webforms_field ADD COLUMN(hidden int(10) DEFAULT NULL)]]></sql>
				</table>
			</tables>
		</migration>
	</migrations>
<tables>
<table>
<name>vtiger_webforms</name>
<sql><![CDATA[CREATE TABLE `vtiger_webforms` (
  `id` int(19) NOT NULL AUTO_INCREMENT,
  `name` varchar(100) CHARACTER SET utf8 NOT NULL,
  `publicid` varchar(100) CHARACTER SET utf8 NOT NULL,
  `enabled` int(1) NOT NULL DEFAULT '1',
  `targetmodule` varchar(50) CHARACTER SET utf8 NOT NULL,
  `description` text CHARACTER SET utf8,
  `ownerid` int(19) NOT NULL,
  `returnurl` varchar(250) CHARACTER SET utf8 DEFAULT NULL,
  `captcha` int(1) NOT NULL DEFAULT '0',
  `roundrobin` int(1) NOT NULL DEFAULT '0',
  `roundrobin_userid` varchar(256) CHARACTER SET utf8 DEFAULT NULL,
  `roundrobin_logic` int(11) NOT NULL DEFAULT '0',
  PRIMARY KEY (`id`),
  UNIQUE KEY `webformname` (`name`),
  UNIQUE KEY `publicid` (`id`),
  KEY `webforms_webforms_id_idx` (`id`)
) ENGINE=InnoDB DEFAULT CHARSET=utf8]]></sql>
</table>
<table>
<name>vtiger_webforms_field</name>
<sql><![CDATA[CREATE TABLE `vtiger_webforms_field` (
  `id` int(19) NOT NULL AUTO_INCREMENT,
  `webformid` int(19) NOT NULL,
  `fieldname` varchar(50) CHARACTER SET utf8 NOT NULL,
  `neutralizedfield` varchar(50) CHARACTER SET utf8 NOT NULL,
  `defaultvalue` varchar(200) CHARACTER SET utf8 DEFAULT NULL,
  `required` int(10) NOT NULL DEFAULT '0',
  `sequence` int(10) DEFAULT NULL,
  `hidden` int(10) DEFAULT NULL,
  PRIMARY KEY (`id`),
  KEY `webforms_webforms_field_idx` (`id`),
  KEY `fk_1_vtiger_webforms_field` (`webformid`),
  KEY `fk_2_vtiger_webforms_field` (`fieldname`),
  CONSTRAINT `fk_1_vtiger_webforms_field` FOREIGN KEY (`webformid`) REFERENCES `vtiger_webforms` (`id`) ON DELETE CASCADE,
  CONSTRAINT `fk_2_vtiger_webforms_field` FOREIGN KEY (`fieldname`) REFERENCES `vtiger_field` (`fieldname`) ON DELETE CASCADE
) ENGINE=InnoDB DEFAULT CHARSET=utf8]]></sql>
</table>
</tables>
<crons>
</crons>
</module>
