<?xml version='1.0'?>
<module>
<exporttime>2017-06-09 11:31:32</exporttime>
<name>Services</name>
<label>Services</label>
<parent>Inventory</parent>
<version>2.6</version>
<dependencies>
<vtiger_version>6.0.0rc</vtiger_version>
<vtiger_max_version>7.*</vtiger_max_version>
</dependencies>
	<migrations>
		<migration version='1.0'>
		</migration>
	</migrations>
<tables>
<table>
<name>vtiger_service</name>
<sql><![CDATA[CREATE TABLE `vtiger_service` (
  `serviceid` int(11) NOT NULL,
  `service_no` varchar(100) NOT NULL,
  `servicename` varchar(50) NOT NULL,
  `servicecategory` varchar(200) DEFAULT NULL,
  `qty_per_unit` decimal(11,2) DEFAULT '0.00',
  `unit_price` decimal(25,8) DEFAULT NULL,
  `sales_start_date` date DEFAULT NULL,
  `sales_end_date` date DEFAULT NULL,
  `start_date` date DEFAULT NULL,
  `expiry_date` date DEFAULT NULL,
  `discontinued` int(1) NOT NULL DEFAULT '0',
  `service_usageunit` varchar(200) DEFAULT NULL,
  `website` varchar(100) DEFAULT NULL,
  `taxclass` varchar(200) DEFAULT NULL,
  `currency_id` int(19) NOT NULL DEFAULT '1',
  `commissionrate` decimal(7,3) DEFAULT NULL,
  `unit_code` varchar(100) DEFAULT NULL,
  PRIMARY KEY (`serviceid`),
  CONSTRAINT `fk_1_vtiger_service` FOREIGN KEY (`serviceid`) REFERENCES `vtiger_crmentity` (`crmid`) ON DELETE CASCADE
) ENGINE=InnoDB DEFAULT CHARSET=utf8]]></sql>
</table>
<table>
<name>vtiger_servicecf</name>
<sql><![CDATA[CREATE TABLE `vtiger_servicecf` (
  `serviceid` int(19) NOT NULL DEFAULT '0',
  `tags` varchar(1) DEFAULT NULL,
  PRIMARY KEY (`serviceid`)
) ENGINE=InnoDB DEFAULT CHARSET=utf8]]></sql>
</table>
</tables>
<blocks>
<block>
<label>LBL_SERVICE_INFORMATION</label>
<fields>
<field>
<fieldname>servicename</fieldname>
<uitype>2</uitype>
<columnname>servicename</columnname>
<tablename>vtiger_service</tablename>
<generatedtype>1</generatedtype>
<fieldlabel>Service Name</fieldlabel>
<readonly>1</readonly>
<presence>0</presence>
<defaultvalue></defaultvalue>
<sequence>1</sequence>
<maximumlength>100</maximumlength>
<typeofdata>V~M</typeofdata>
<quickcreate>0</quickcreate>
<quickcreatesequence>1</quickcreatesequence>
<displaytype>1</displaytype>
<info_type>BAS</info_type>
<helpinfo><![CDATA[]]></helpinfo>
<columntype>varchar(50)</columntype>
<masseditable>1</masseditable>
<summaryfield>1</summaryfield>
<entityidentifier>
<entityidfield>serviceid</entityidfield>
<entityidcolumn>serviceid</entityidcolumn>
</entityidentifier>
</field>
<field>
<fieldname>service_no</fieldname>
<uitype>4</uitype>
<columnname>service_no</columnname>
<tablename>vtiger_service</tablename>
<generatedtype>1</generatedtype>
<fieldlabel>Service No</fieldlabel>
<readonly>1</readonly>
<presence>0</presence>
<defaultvalue></defaultvalue>
<sequence>2</sequence>
<maximumlength>100</maximumlength>
<typeofdata>V~O</typeofdata>
<quickcreate>3</quickcreate>
<quickcreatesequence>0</quickcreatesequence>
<displaytype>1</displaytype>
<info_type>BAS</info_type>
<helpinfo><![CDATA[]]></helpinfo>
<columntype>varchar(100)</columntype>
<masseditable>0</masseditable>
<summaryfield>1</summaryfield>
</field>
<field>
<fieldname>discontinued</fieldname>
<uitype>56</uitype>
<columnname>discontinued</columnname>
<tablename>vtiger_service</tablename>
<generatedtype>1</generatedtype>
<fieldlabel>Service Active</fieldlabel>
<readonly>1</readonly>
<presence>2</presence>
<defaultvalue></defaultvalue>
<sequence>4</sequence>
<maximumlength>100</maximumlength>
<typeofdata>V~O</typeofdata>
<quickcreate>2</quickcreate>
<quickcreatesequence>3</quickcreatesequence>
<displaytype>1</displaytype>
<info_type>BAS</info_type>
<helpinfo><![CDATA[]]></helpinfo>
<columntype>int(1)</columntype>
<masseditable>1</masseditable>
<summaryfield>0</summaryfield>
</field>
<field>
<fieldname>sales_start_date</fieldname>
<uitype>5</uitype>
<columnname>sales_start_date</columnname>
<tablename>vtiger_service</tablename>
<generatedtype>1</generatedtype>
<fieldlabel>Sales Start Date</fieldlabel>
<readonly>1</readonly>
<presence>2</presence>
<defaultvalue></defaultvalue>
<sequence>9</sequence>
<maximumlength>100</maximumlength>
<typeofdata>D~O</typeofdata>
<quickcreate>1</quickcreate>
<quickcreatesequence>0</quickcreatesequence>
<displaytype>1</displaytype>
<info_type>BAS</info_type>
<helpinfo><![CDATA[]]></helpinfo>
<columntype>date</columntype>
<masseditable>1</masseditable>
<summaryfield>0</summaryfield>
</field>
<field>
<fieldname>sales_end_date</fieldname>
<uitype>5</uitype>
<columnname>sales_end_date</columnname>
<tablename>vtiger_service</tablename>
<generatedtype>1</generatedtype>
<fieldlabel>Sales End Date</fieldlabel>
<readonly>1</readonly>
<presence>2</presence>
<defaultvalue></defaultvalue>
<sequence>10</sequence>
<maximumlength>100</maximumlength>
<typeofdata>D~O~OTH~GE~sales_start_date~Sales Start Date</typeofdata>
<quickcreate>1</quickcreate>
<quickcreatesequence>0</quickcreatesequence>
<displaytype>1</displaytype>
<info_type>BAS</info_type>
<helpinfo><![CDATA[]]></helpinfo>
<columntype>date</columntype>
<masseditable>1</masseditable>
<summaryfield>0</summaryfield>
</field>
<field>
<fieldname>start_date</fieldname>
<uitype>5</uitype>
<columnname>start_date</columnname>
<tablename>vtiger_service</tablename>
<generatedtype>1</generatedtype>
<fieldlabel>Support Start Date</fieldlabel>
<readonly>1</readonly>
<presence>2</presence>
<defaultvalue></defaultvalue>
<sequence>11</sequence>
<maximumlength>100</maximumlength>
<typeofdata>D~O</typeofdata>
<quickcreate>1</quickcreate>
<quickcreatesequence>0</quickcreatesequence>
<displaytype>1</displaytype>
<info_type>BAS</info_type>
<helpinfo><![CDATA[]]></helpinfo>
<columntype>date</columntype>
<masseditable>1</masseditable>
<summaryfield>0</summaryfield>
</field>
<field>
<fieldname>expiry_date</fieldname>
<uitype>5</uitype>
<columnname>expiry_date</columnname>
<tablename>vtiger_service</tablename>
<generatedtype>1</generatedtype>
<fieldlabel>Support Expiry Date</fieldlabel>
<readonly>1</readonly>
<presence>2</presence>
<defaultvalue></defaultvalue>
<sequence>12</sequence>
<maximumlength>100</maximumlength>
<typeofdata>D~O~OTH~GE~start_date~Start Date</typeofdata>
<quickcreate>1</quickcreate>
<quickcreatesequence>0</quickcreatesequence>
<displaytype>1</displaytype>
<info_type>BAS</info_type>
<helpinfo><![CDATA[]]></helpinfo>
<columntype>date</columntype>
<masseditable>1</masseditable>
<summaryfield>0</summaryfield>
</field>
<field>
<fieldname>website</fieldname>
<uitype>17</uitype>
<columnname>website</columnname>
<tablename>vtiger_service</tablename>
<generatedtype>1</generatedtype>
<fieldlabel>Website</fieldlabel>
<readonly>1</readonly>
<presence>2</presence>
<defaultvalue></defaultvalue>
<sequence>6</sequence>
<maximumlength>100</maximumlength>
<typeofdata>V~O</typeofdata>
<quickcreate>1</quickcreate>
<quickcreatesequence>0</quickcreatesequence>
<displaytype>1</displaytype>
<info_type>BAS</info_type>
<helpinfo><![CDATA[]]></helpinfo>
<columntype>varchar(100)</columntype>
<masseditable>1</masseditable>
<summaryfield>0</summaryfield>
</field>
<field>
<fieldname>createdtime</fieldname>
<uitype>70</uitype>
<columnname>createdtime</columnname>
<tablename>vtiger_crmentity</tablename>
<generatedtype>1</generatedtype>
<fieldlabel>Created Time</fieldlabel>
<readonly>1</readonly>
<presence>0</presence>
<defaultvalue></defaultvalue>
<sequence>13</sequence>
<maximumlength>100</maximumlength>
<typeofdata>DT~O</typeofdata>
<quickcreate>3</quickcreate>
<quickcreatesequence>0</quickcreatesequence>
<displaytype>2</displaytype>
<info_type>BAS</info_type>
<helpinfo><![CDATA[]]></helpinfo>
<columntype>datetime</columntype>
<masseditable>0</masseditable>
<summaryfield>0</summaryfield>
</field>
<field>
<fieldname>modifiedtime</fieldname>
<uitype>70</uitype>
<columnname>modifiedtime</columnname>
<tablename>vtiger_crmentity</tablename>
<generatedtype>1</generatedtype>
<fieldlabel>Modified Time</fieldlabel>
<readonly>1</readonly>
<presence>0</presence>
<defaultvalue></defaultvalue>
<sequence>14</sequence>
<maximumlength>100</maximumlength>
<typeofdata>DT~O</typeofdata>
<quickcreate>3</quickcreate>
<quickcreatesequence>0</quickcreatesequence>
<displaytype>2</displaytype>
<info_type>BAS</info_type>
<helpinfo><![CDATA[]]></helpinfo>
<columntype>datetime</columntype>
<masseditable>0</masseditable>
<summaryfield>0</summaryfield>
</field>
<field>
<fieldname>modifiedby</fieldname>
<uitype>52</uitype>
<columnname>modifiedby</columnname>
<tablename>vtiger_crmentity</tablename>
<generatedtype>1</generatedtype>
<fieldlabel>Last Modified By</fieldlabel>
<readonly>1</readonly>
<presence>0</presence>
<defaultvalue></defaultvalue>
<sequence>16</sequence>
<maximumlength>100</maximumlength>
<typeofdata>V~O</typeofdata>
<quickcreate>3</quickcreate>
<quickcreatesequence>0</quickcreatesequence>
<displaytype>3</displaytype>
<info_type>BAS</info_type>
<helpinfo><![CDATA[]]></helpinfo>
<columntype>int(19)</columntype>
<masseditable>0</masseditable>
<summaryfield>0</summaryfield>
</field>
<field>
<fieldname>service_usageunit</fieldname>
<uitype>15</uitype>
<columnname>service_usageunit</columnname>
<tablename>vtiger_service</tablename>
<generatedtype>1</generatedtype>
<fieldlabel>Usage Unit</fieldlabel>
<readonly>1</readonly>
<presence>2</presence>
<defaultvalue></defaultvalue>
<sequence>3</sequence>
<maximumlength>100</maximumlength>
<typeofdata>V~O</typeofdata>
<quickcreate>1</quickcreate>
<quickcreatesequence>0</quickcreatesequence>
<displaytype>1</displaytype>
<info_type>BAS</info_type>
<helpinfo><![CDATA[]]></helpinfo>
<columntype>varchar(200)</columntype>
<masseditable>1</masseditable>
<summaryfield>0</summaryfield>
<cleanpicklistvalues>1</cleanpicklistvalues>
<picklistvalues>
<picklistvalue>Hours</picklistvalue>
<picklistvalue>Days</picklistvalue>
<picklistvalue>Incidents</picklistvalue>
</picklistvalues>
</field>
<field>
<fieldname>qty_per_unit</fieldname>
<uitype>1</uitype>
<columnname>qty_per_unit</columnname>
<tablename>vtiger_service</tablename>
<generatedtype>1</generatedtype>
<fieldlabel>No of Units</fieldlabel>
<readonly>1</readonly>
<presence>2</presence>
<defaultvalue></defaultvalue>
<sequence>5</sequence>
<maximumlength>100</maximumlength>
<typeofdata>N~O</typeofdata>
<quickcreate>1</quickcreate>
<quickcreatesequence>0</quickcreatesequence>
<displaytype>1</displaytype>
<info_type>BAS</info_type>
<helpinfo><![CDATA[]]></helpinfo>
<columntype>decimal(11,2)</columntype>
<masseditable>1</masseditable>
<summaryfield>1</summaryfield>
</field>
<field>
<fieldname>assigned_user_id</fieldname>
<uitype>53</uitype>
<columnname>smownerid</columnname>
<tablename>vtiger_crmentity</tablename>
<generatedtype>1</generatedtype>
<fieldlabel>Owner</fieldlabel>
<readonly>1</readonly>
<presence>0</presence>
<defaultvalue></defaultvalue>
<sequence>8</sequence>
<maximumlength>100</maximumlength>
<typeofdata>I~O</typeofdata>
<quickcreate>1</quickcreate>
<quickcreatesequence>0</quickcreatesequence>
<displaytype>1</displaytype>
<info_type>BAS</info_type>
<helpinfo><![CDATA[]]></helpinfo>
<columntype>int(19)</columntype>
<masseditable>1</masseditable>
<summaryfield>0</summaryfield>
</field>
<field>
<fieldname>servicecategory</fieldname>
<uitype>15</uitype>
<columnname>servicecategory</columnname>
<tablename>vtiger_service</tablename>
<generatedtype>1</generatedtype>
<fieldlabel>Service Category</fieldlabel>
<readonly>1</readonly>
<presence>2</presence>
<defaultvalue></defaultvalue>
<sequence>7</sequence>
<maximumlength>100</maximumlength>
<typeofdata>V~O</typeofdata>
<quickcreate>1</quickcreate>
<quickcreatesequence>0</quickcreatesequence>
<displaytype>1</displaytype>
<info_type>BAS</info_type>
<helpinfo><![CDATA[]]></helpinfo>
<columntype>varchar(200)</columntype>
<masseditable>1</masseditable>
<summaryfield>0</summaryfield>
<cleanpicklistvalues>1</cleanpicklistvalues>
<picklistvalues>
<picklistvalue>Support</picklistvalue>
<picklistvalue>Installation</picklistvalue>
<picklistvalue>Migration</picklistvalue>
<picklistvalue>Customization</picklistvalue>
<picklistvalue>Training</picklistvalue>
</picklistvalues>
</field>
<field>
<fieldname>source</fieldname>
<uitype>1</uitype>
<columnname>source</columnname>
<tablename>vtiger_crmentity</tablename>
<generatedtype>1</generatedtype>
<fieldlabel>Source</fieldlabel>
<readonly>1</readonly>
<presence>2</presence>
<defaultvalue></defaultvalue>
<sequence>17</sequence>
<maximumlength>100</maximumlength>
<typeofdata>V~O</typeofdata>
<quickcreate>3</quickcreate>
<quickcreatesequence>4</quickcreatesequence>
<displaytype>2</displaytype>
<info_type>BAS</info_type>
<helpinfo><![CDATA[]]></helpinfo>
<columntype>varchar(100)</columntype>
<masseditable>0</masseditable>
<summaryfield>0</summaryfield>
</field>
<field>
<fieldname>tags</fieldname>
<uitype>1</uitype>
<columnname>tags</columnname>
<tablename>vtiger_servicecf</tablename>
<generatedtype>1</generatedtype>
<fieldlabel>tags</fieldlabel>
<readonly>1</readonly>
<presence>2</presence>
<defaultvalue></defaultvalue>
<sequence>18</sequence>
<maximumlength>100</maximumlength>
<typeofdata>V~O</typeofdata>
<quickcreate>3</quickcreate>
<quickcreatesequence>5</quickcreatesequence>
<displaytype>6</displaytype>
<info_type>BAS</info_type>
<helpinfo><![CDATA[]]></helpinfo>
<columntype>varchar(1)</columntype>
<masseditable>0</masseditable>
<summaryfield>0</summaryfield>
</field>
<field>
<fieldname>unit_code</fieldname>
<uitype>1</uitype>
<columnname>unit_code</columnname>
<tablename>vtiger_service</tablename>
<generatedtype>1</generatedtype>
<fieldlabel>Unit Code</fieldlabel>
<readonly>1</readonly>
<presence>2</presence>
<defaultvalue></defaultvalue>
<sequence>20</sequence>
<maximumlength>100</maximumlength>
<typeofdata>V~O</typeofdata>
<quickcreate>1</quickcreate>
<quickcreatesequence>0</quickcreatesequence>
<displaytype>2</displaytype>
<info_type>BAS</info_type>
<helpinfo><![CDATA[]]></helpinfo>
<columntype>varchar(100)</columntype>
<masseditable>1</masseditable>
<summaryfield>0</summaryfield>
</field>
<field>
<fieldname>created_user_id</fieldname>
<uitype>53</uitype>
<columnname>smcreatorid</columnname>
<tablename>vtiger_crmentity</tablename>
<generatedtype>1</generatedtype>
<fieldlabel>Created By</fieldlabel>
<readonly>1</readonly>
<presence>2</presence>
<defaultvalue></defaultvalue>
<sequence>21</sequence>
<maximumlength>100</maximumlength>
<typeofdata>V~O</typeofdata>
<quickcreate>3</quickcreate>
<quickcreatesequence>6</quickcreatesequence>
<displaytype>2</displaytype>
<info_type>BAS</info_type>
<helpinfo><![CDATA[]]></helpinfo>
<columntype>int(19)</columntype>
<masseditable>0</masseditable>
<summaryfield>0</summaryfield>
</field>
</fields>
</block>
<block>
<label>LBL_PRICING_INFORMATION</label>
<fields>
<field>
<fieldname>unit_price</fieldname>
<uitype>72</uitype>
<columnname>unit_price</columnname>
<tablename>vtiger_service</tablename>
<generatedtype>1</generatedtype>
<fieldlabel>Price</fieldlabel>
<readonly>1</readonly>
<presence>0</presence>
<defaultvalue></defaultvalue>
<sequence>1</sequence>
<maximumlength>100</maximumlength>
<typeofdata>N~O</typeofdata>
<quickcreate>2</quickcreate>
<quickcreatesequence>2</quickcreatesequence>
<displaytype>1</displaytype>
<info_type>BAS</info_type>
<helpinfo><![CDATA[]]></helpinfo>
<columntype>decimal(25,8)</columntype>
<masseditable>0</masseditable>
<summaryfield>1</summaryfield>
</field>
<field>
<fieldname>taxclass</fieldname>
<uitype>83</uitype>
<columnname>taxclass</columnname>
<tablename>vtiger_service</tablename>
<generatedtype>1</generatedtype>
<fieldlabel>Tax Class</fieldlabel>
<readonly>1</readonly>
<presence>2</presence>
<defaultvalue></defaultvalue>
<sequence>4</sequence>
<maximumlength>100</maximumlength>
<typeofdata>V~O</typeofdata>
<quickcreate>1</quickcreate>
<quickcreatesequence>0</quickcreatesequence>
<displaytype>1</displaytype>
<info_type>BAS</info_type>
<helpinfo><![CDATA[]]></helpinfo>
<columntype>varchar(200)</columntype>
<masseditable>1</masseditable>
<summaryfield>0</summaryfield>
</field>
<field>
<fieldname>commissionrate</fieldname>
<uitype>9</uitype>
<columnname>commissionrate</columnname>
<tablename>vtiger_service</tablename>
<generatedtype>1</generatedtype>
<fieldlabel>Commission Rate</fieldlabel>
<readonly>1</readonly>
<presence>2</presence>
<defaultvalue></defaultvalue>
<sequence>2</sequence>
<maximumlength>100</maximumlength>
<typeofdata>N~O</typeofdata>
<quickcreate>1</quickcreate>
<quickcreatesequence>0</quickcreatesequence>
<displaytype>1</displaytype>
<info_type>BAS</info_type>
<helpinfo><![CDATA[]]></helpinfo>
<columntype>decimal(7,3)</columntype>
<masseditable>1</masseditable>
<summaryfield>1</summaryfield>
</field>
</fields>
</block>
<block>
<label>LBL_CUSTOM_INFORMATION</label>
</block>
<block>
<label>LBL_DESCRIPTION_INFORMATION</label>
<fields>
<field>
<fieldname>description</fieldname>
<uitype>19</uitype>
<columnname>description</columnname>
<tablename>vtiger_crmentity</tablename>
<generatedtype>1</generatedtype>
<fieldlabel>Description</fieldlabel>
<readonly>1</readonly>
<presence>2</presence>
<defaultvalue></defaultvalue>
<sequence>1</sequence>
<maximumlength>100</maximumlength>
<typeofdata>V~O</typeofdata>
<quickcreate>1</quickcreate>
<quickcreatesequence>0</quickcreatesequence>
<displaytype>1</displaytype>
<info_type>BAS</info_type>
<helpinfo><![CDATA[]]></helpinfo>
<columntype>mediumtext</columntype>
<masseditable>1</masseditable>
<summaryfield>0</summaryfield>
</field>
</fields>
</block>
</blocks>
<customviews>
<customview>
<viewname>All</viewname>
<setdefault>true</setdefault>
<setmetrics>false</setmetrics>
<fields>
<field>
<fieldname>servicename</fieldname>
<columnindex>1</columnindex>
</field>
<field>
<fieldname>service_usageunit</fieldname>
<columnindex>2</columnindex>
</field>
<field>
<fieldname>unit_price</fieldname>
<columnindex>3</columnindex>
</field>
<field>
<fieldname>qty_per_unit</fieldname>
<columnindex>4</columnindex>
</field>
<field>
<fieldname>servicecategory</fieldname>
<columnindex>5</columnindex>
</field>
<field>
<fieldname>assigned_user_id</fieldname>
<columnindex>6</columnindex>
</field>
</fields>
</customview>
</customviews>
<sharingaccess>
<default>public_readwritedelete</default>
</sharingaccess>
<actions>
<action>
<name><![CDATA[Import]]></name>
<status>enabled</status>
</action>
<action>
<name><![CDATA[Export]]></name>
<status>enabled</status>
</action>
<action>
<name><![CDATA[DuplicatesHandling]]></name>
<status>enabled</status>
</action>
</actions>
<relatedlists>
<relatedlist>
<function>get_related_list</function>
<label>HelpDesk</label>
<sequence>1</sequence>
<presence>0</presence>
<actions>
<action>ADD</action>
<action>SELECT</action>
</actions>
<relatedmodule>HelpDesk</relatedmodule>
</relatedlist>
<relatedlist>
<function>get_quotes</function>
<label>Quotes</label>
<sequence>2</sequence>
<presence>0</presence>
<actions>
<action>ADD</action>
</actions>
<relatedmodule>Quotes</relatedmodule>
</relatedlist>
<relatedlist>
<function>get_purchase_orders</function>
<label>Purchase Order</label>
<sequence>3</sequence>
<presence>0</presence>
<actions>
<action>ADD</action>
</actions>
<relatedmodule>PurchaseOrder</relatedmodule>
</relatedlist>
<relatedlist>
<function>get_salesorder</function>
<label>Sales Order</label>
<sequence>4</sequence>
<presence>0</presence>
<actions>
<action>ADD</action>
</actions>
<relatedmodule>SalesOrder</relatedmodule>
</relatedlist>
<relatedlist>
<function>get_invoices</function>
<label>Invoice</label>
<sequence>5</sequence>
<presence>0</presence>
<actions>
<action>ADD</action>
</actions>
<relatedmodule>Invoice</relatedmodule>
</relatedlist>
<relatedlist>
<function>get_service_pricebooks</function>
<label>PriceBooks</label>
<sequence>6</sequence>
<presence>0</presence>
<actions>
<action>ADD</action>
</actions>
<relatedmodule>PriceBooks</relatedmodule>
</relatedlist>
<relatedlist>
<function>get_related_list</function>
<label>Leads</label>
<sequence>7</sequence>
<presence>0</presence>
<actions>
<action>SELECT</action>
</actions>
<relatedmodule>Leads</relatedmodule>
</relatedlist>
<relatedlist>
<function>get_related_list</function>
<label>Accounts</label>
<sequence>8</sequence>
<presence>0</presence>
<actions>
<action>SELECT</action>
</actions>
<relatedmodule>Accounts</relatedmodule>
</relatedlist>
<relatedlist>
<function>get_related_list</function>
<label>Contacts</label>
<sequence>9</sequence>
<presence>0</presence>
<actions>
<action>SELECT</action>
</actions>
<relatedmodule>Contacts</relatedmodule>
</relatedlist>
<relatedlist>
<function>get_related_list</function>
<label>Potentials</label>
<sequence>10</sequence>
<presence>0</presence>
<actions>
<action>SELECT</action>
</actions>
<relatedmodule>Potentials</relatedmodule>
</relatedlist>
<relatedlist>
<function>get_attachments</function>
<label>Documents</label>
<sequence>11</sequence>
<presence>0</presence>
<actions>
<action>ADD</action>
<action>SELECT</action>
</actions>
<relatedmodule>Documents</relatedmodule>
</relatedlist>
</relatedlists>
<crons>
</crons>
</module>
