<?xml version='1.0'?>
<module>
<exporttime>2017-07-03 14:29:42</exporttime>
<name>Google</name>
<label>Google</label>
<parent></parent>
<type>extension</type>
<version>1.5.1</version>
<dependencies>
<vtiger_version>6.0.0rc</vtiger_version>
<vtiger_max_version>7.*</vtiger_max_version>
</dependencies>
<tables>
<table>
<name>vtiger_google_sync_localization</name>
<sql><![CDATA[CREATE TABLE `vtiger_google_sync_localization` (
`id` int(19) NOT NULL,
`field_name` varchar(150) NOT NULL,
`original_field_type` varchar(150) DEFAULT NULL,
`russian_field_type` varchar(150) DEFAULT NULL,
PRIMARY KEY (`id`)
)]]></sql>
</table>
</tables>
<crons>
</crons>
</module>
