<?xml version='1.0'?>
<module>
<exporttime>2017-06-09 11:31:32</exporttime>
<name>CustomerPortal</name>
<label>CustomerPortal</label>
<parent></parent>
<type>extension</type>
<version>1.4</version>
<dependencies>
<vtiger_version>6.0.0rc</vtiger_version>
<vtiger_max_version>7.*</vtiger_max_version>
</dependencies>
	<migrations>
		<migration version='1.0'>		
		</migration>
		<migration version='1.1'>		
		</migration>	
	</migrations>
<tables>
<table>
<name>vtiger_customerportal_fields</name>
<sql><![CDATA[CREATE TABLE `vtiger_customerportal_fields` (
  `tabid` int(19) NOT NULL,
  `fieldid` int(19) DEFAULT NULL,
  `visible` int(1) DEFAULT NULL
) ENGINE=InnoDB DEFAULT CHARSET=utf8]]></sql>
</table>
</tables>
<crons>
</crons>
</module>
